{
    "Train_Loss": 0.12067721039056778,
    "Val_Loss": 0.02937129236774386
}