{
    "Train_Loss": 0.12903402745723724,
    "Val_Loss": 0.01380455746714558
}